<?xml version="1.0" encoding="UTF-8"?>
<templates id="template" xml:space="preserve">

    <t t-name="Chrome">
        <div class="pos">
            <div class="pos-topheader">
                <div class="pos-branding">
                    <!--<img class="pos-logo" src="/point_of_sale/static/src/img/logo.png" />-->
                    <img class="pos-logo" src="/web/binary/company_logo" />
                    <span class="placeholder-UsernameWidget"></span>
                </div>
                <div class="pos-rightheader">
                    <span class="placeholder-OrderSelectorWidget"></span>
                    <!-- here goes header buttons -->
                </div>
            </div>

            <div class="pos-content">

                <div class='window'>
                    <div class='subwindow'>
                        <div class='subwindow-container'>
                            <div class='subwindow-container-fix screens'>
                                <!-- here go the screens -->
                            </div>
                        </div>
                    </div>
                </div>

                <div class="placeholder-OnscreenKeyboardWidget"></div>
            </div>

            <div class='popups'>
                <!-- here go the popups -->
            </div>
            
            <div class="loader">
                <div class='loader-feedback oe_hidden'>
                    <h1 class='message'>Loading</h1>
                    <div class='progressbar'>
                        <div class='progress' width='50%'></div>
                    </div>
                    <div class='oe_hidden button skip'>
                        Skip
                    </div>
                </div>
            </div>
        </div>
    </t>

    <t t-name="ProductListWidget">
        <div class='product-list-container'>
            <div class="product-list-scroller touch-scrollable">
                <h2>Menú del Día</h2>
                <div class="product-list-menu" style="background-color:darkblue">
                </div>
                <h2>Adicionales</h2>
                <div class="product-list" style="background-color:chocolate">
                </div>
            </div>
            <span class="placeholder-ScrollbarWidget" />
        </div>
    </t>
    <t t-name="Product">
        <span class='product' t-att-data-product-id="product.id">
            <div class="product-img">
                <img t-att-src='image_url' />
                <t t-if="!product.to_weight">
                    <span class="price-tag">
                        <t t-esc="widget.format_currency(product.get_price(pricelist, 1),'Product Price')"/>
                    </span>
                </t>
                <t t-if="product.to_weight">
                    <span class="price-tag">
                        <t t-esc="widget.format_currency(product.get_price(pricelist, 1),'Product Price')+'/'+widget.pos.units_by_id[product.uom_id[0]].name"/>
                    </span>
                </t>
            </div>
            <div class="product-name">
                <t t-esc="product.display_name"/>
            </div>
        </span>
    </t>

    <t t-extend="ProductCategoriesWidget">
        <t t-jquery="div[class='searchbox']" t-operation="replace">
            <div class="searchbox" style="width:70%">
                <input placeholder="Search Products" style="width:100%"/>
                <span class="search-clear"></span>
            </div>
        </t>
    </t>

    <t t-extend="ProductScreenWidget">
    	<t t-jquery='div[class="product-screen screen"]' t-operation="replace">
            <div class="product-screen screen">
                <div class="leftpane">
                    <div class='window'>
                        <div class='subwindow'>
                            <div class='subwindow-container'>
                                <div class='subwindow-container-fix'>
                                    <div class="placeholder-OrderWidget"></div>
                                </div>
                            </div>
                        </div>

                        <div class="subwindow">
                            <div class='subwindow-container'>
                                <div class="subwindow-container-fix">
                                    <h3>Payment</h3>
                                    <section class="payment_screen">
                                        <div class='placeholder-PaymentButtons'></div>
                                    </section>
                                 </div>
                            </div>
                        </div>

                        <div class="subwindow">
                            <div class='subwindow-container'>
                                <div class="subwindow-container-fix pads">
                                    <span class='searchbox_2 clientlist'>
                                        <input placeholder='Search Customers' />
                                        <span class='search-clear'></span>
                                    </span>
                                 </div>
                            </div>
                        </div>
                        <div class='subwindow collapsed'>
                            <div class='subwindow-container'>
                                <div class='subwindow-container-fix pads'>
                                    <div class="control-buttons oe_hidden"></div>
                                    <div class="placeholder-ActionpadWidget"></div>
                                    <div class="placeholder-NumpadWidget"></div>
                                </div>
                            </div>
                        </div>

                    </div>
                </div>
                <div class="rightpane">
                    <table class="layout-table">

                        <tr class="header-row">
                            <td class="header-cell">
                                <span class="placeholder-ProductCategoriesWidget" />
                            </td>
                        </tr>

                        <span class="placeholder-ProductListxCategoryWidget"/>

                        <tr class="content-row">
                            <td class="content-cell">
                                <div class="content-container">
                                    <span class="placeholder-ProductListWidget" />
                                </div>
                            </td>
                        </tr>
                    </table>
                </div>
            </div>
        </t>
    </t>

    <!--
    <t t-name="ProductListxCategoryWidget">
        <t t-if="widget.subcategories.length > 0">
            <t t-foreach="widget.subcategories" t-as="subcategorie_id">
                <tr class="header-row">
                    <td class="header-cell">
                        <t t-esc="subcategorie_id.name" />
                    </td>
                </tr>
                <tr class="content-cell">
                    <td class="content-cell">
                        <div class="content-container">
                            <span class="placeholder-ProductList" />
                        </div>
                    </td>
                </tr>
            </t>
        </t>
    </t>-->
    <t t-extend="PosTicket">
	   <t t-jquery="div[class='logo']" t-operation="replace"/>
    </t>

    <t t-extend="PosTicket1">
        <t t-jquery="div[class='logo']" t-operation="replace"/>
    </t>
</templates>